"Nature_F","probability","number"
"0",4.57943925243268,107
"1",9.08433735744386,83
"2",14.1000000000378,20
