"Nature_F","Has_Apical_GU_Child","probability","number"
"0","0",0.666666666668438,12
"1","0",1.27710843375177,83
"2","0",1.684210526319,19
"0","1",1.37704918035733,61
"1","1",2.63796168288096,0
"2","1",2,1
