"Nature_F","probability","number"
"0",1.36538461539396,52
"1",2.3663366336635,202
"2",3.21710526315798,152
