"Nature_F","probability","number"
"0",0.613496932515337,163
"1",0.577142857142858,350
"2",0.666666666666622,228
