"Nature_F","probability","number"
"0",0.74305555555498,144
"1",0.614814814814815,135
"2",0.476190476190476,42
