"Nature_Ancestor_F","probability","number"
"0",0.356037151702782,646
"1",0.0868644067796556,944
"2",0.0238429172631012,713
