"Has_Apical_GU_Child","Position_A","probability","number"
"0","0",0.8902829223974,58
"1","0",0.880163205607078,22
"0","1",1.68506411637238,56
"1","1",1.6659102370805,40
