"is_loaded","position_mother_L","probas"
"0","0",2.09759154090088
"1","0",1.66574370214221
"0","1",1.06875856724383
"1","1",0.848724748256921
