"position_mother_L","nature_mother_V","probas"
"0","0",0.837437126695037
"1","0",0.650251493219452
"0","1",0.74601005972848
"1","1",0.514572854449188
