"position_mother_L","nature_mother_V","probas"
"0","0",0.235147427255048
"1","0",0.163643176797477
"0","1",0.796024643474247
"1","1",0.712945800266826
