"position_mother_L","nature_mother_V","probas"
"0","0",2.03449732815138
"1","0",0.8965080155609
"0","1",2.09981621134591
"1","1",0.92529099872883
