"Burst_Month","Position_A","probability","number"
"1","0",5.8262146389687e-11,5
"2","0",5.82621463896882e-11,13
"1","1",5.8262146389687e-11,3
"2","1",5.82621463896882e-11,6
