"Position_Ancestor_A","Cycle","probability","number"
"0","4",0.880171099599077,3
"1","4",0.679743350593727,2
"0","5",0.87189734023307,5
"1","5",0.66293047125887,7
