"position_mother_L","nature_mother_V","probas"
"0","0",1.89022388292629
"1","0",1.29221193834865
"0","1",0.900756922650516
"1","1",0.615783590247109
