"position_mother_L","position_ancestor_L","probas"
"0","0",1.56273969693837
"1","0",0.489223787925783
"0","1",0.566810194825336
"1","1",0.177442878740885
