"position_mother_L","probas"
"0",0.560975609756097
"1",0.125000000004467
