"position_mother_L","nature_mother_V","probas"
"0","0",3.23119954875786
"1","0",1.35878815939928
"0","1",1.7653041175864
"1","1",0.742347941227369
