"position_mother_L","nature_mother_V","probas"
"0","0",0.988139788493116
"1","0",0.965630162432618
"0","1",0.738816283382813
"1","1",0.488200148361334
