"Burst_Month","4","6","7","8","9"
"1",0.00667185170201422,0.0311661303396588,0.0589634302432251,0.162817853550969,0.740380734164133
"2",0.0352214798182241,0.140885614702567,0.191996821945422,0.287772791431702,0.344123292102086
