"Flowering_Week","probability","number"
"1-2-3-4",5.20512820512958,39
"5",6.00709219858164,141
"6",6.59259259259258,54
"7",7.15151515151513,33
"8-9",6.92857142857206,28
