"position_mother_L","probas"
"0",2.39285714285707
"1",1.1198738170347
