"position_mother_L","probas"
"0",0.728813559321511
"1",0.240963855422173
