"nature_mother_V","probas"
"0",0.999999999569498
"1",0.608695652173908
