"position_mother_L","nature_mother_V","probas"
"0","0",1.74967282019196
"1","0",1.00036807733824
"0","1",1.48915063274739
"1","1",0.851415612197198
