"position_mother_L","nature_mother_V","probas"
"0","0",0.5361179797998
"1","0",0.39008260789564
"0","1",0.740106904335135
"1","1",0.611788247309709
