"position_mother_L","nature_mother_V","9","10","11","12","1","2","4"
"0","0",0.00459215976943578,0.163513940629489,0.0183301734745941,0.521707383954475,0.0124773386856177,0.251428882242131,0.0279501212442582
"1","0",0.00575067418912147,0.196388393998708,0.0210455179371463,0.529413373707113,0.0112107272565732,0.213771094890023,0.0224202180213148
"0","1",0.0978653628207529,0.728275721821009,0.0173315002736247,0.139302379434792,0.0010053196253369,0.0149984150687883,0.0012213009556965
"1","1",0.119724684598036,0.736545733944872,0.0147967392813565,0.115145858862036,0.000807311732533789,0.0120053046600181,0.000974366921147718
