"probability","stderror","number"
372.157376126125,4.76854745914907,297
