"Position_A","probability","number"
"0",0.693333333333147,375
"1",0.895652173277298,345
