"Position_A","probability","number"
"0",0.272727272727785,176
"1",0.559999999999999,150
