"Position_A","probability","number"
"0",1.3236714977497,207
"1",3.26315789473686,247
