"Position_A","probability","number"
"0",0.050980392157,260
"1",0.669902912621699,309
