"Position_A","probability","number"
"0",0.0134020620084285,971
"1",0.258883248755918,197
