"Position_A","probability","number"
"0",0.315789485449561,38
"1",1.10714285719078,112
