"Position_A","Has_Apical_GU_Child","probability","number"
"0","0",1.59278592022384,142
"1","0",3.4046144113921,222
"0","1",0.912975973171884,25
"1","1",1.95150592182464,17
