"Position_A","probability","number"
"0",0.88750000027738,80
"1",1.67708333333382,96
