"position_mother_L","nature_mother_V","probas"
"0","0",0.924287823969382
"1","0",0.654941808577991
"0","1",0.859339577088859
"1","1",0.487143912187669
