"position_mother_L","nature_mother_V","probas"
"0","0",2.37742221159713
"1","0",0.978622251122631
"0","1",2.08572660545523
"1","1",0.858551104595655
