"position_mother_L","nature_mother_V","probas"
"0","0",1.11979127375092
"1","0",0.427084120455385
"0","1",1.2927634061693
"1","1",0.493055031971554
