"position_mother_L","nature_mother_V","probas"
"0","0",0.999999999403133
"1","0",0.749999999999997
"0","1",0.999999998408356
"1","1",0.529411764705879
