"position_mother_L","nature_mother_V","probas"
"0","0",0.646942087887017
"1","0",0.308324013205866
"0","1",0.890861920483174
"1","1",0.665073064225128
