"Burst_Month","probability","number"
"9-10",1.06741573033708,178
"11",1.16901408450704,71
"12",1.22277227722772,202
