"Burst_Month","probability","number"
"8",3.72641509433942,106
"9",3.23255813953481,43
"10-11",1.93181818181818,132
"12",1.42857142857144,14
"1",0.823529411764732,17
"2",3.05902331255373e-08,17
