"Burst_Month","probability","number"
"1",7.53846153846153,13
"2",6.73076923076922,26
