"Burst_Month","probability","number"
"8-9",0.479166666666666,96
"11-12-1",0.763157894736399,76
"2-3",0.600112803158485,1773
