"Burst_Month","probability","number"
"9",0.500000000000004,14
"10",0.212121212121213,88
"11",0.400000000000004,25
"12",0.435897435897435,133
"1",0.999999826322973,42
"2",1.73677028777474e-07,117
