"Burst_Month","probability","number"
"10",0.999999991353131,11
"12",0.666666666666665,14
"1",0.8,13
"2",0.939393939393939,42
"3-4-5",0.999999991353131,7
