"Burst_Month","probability","number"
"1",5.8262146389687e-11,8
"2",5.82621463896882e-11,19
