"Burst_Month","probability","number"
"9",0.625000000010534,8
"10",0.846153846153847,39
"11",0.846153846153846,26
"12",0.987012987012987,77
