"Burst_Month","probability","number"
"10",0.030303030303131,33
"12",0.697916666692769,101
"1-2-3-4-5",0.349425287361273,435
