"Burst_Month","probability","number"
"9-10",0.142857142857152,84
"12",0.412698412698416,126
"1-2-3-4-5",0.734463276835601,531
