"Burst_Month","probability","number"
"8",4.02380952380963,42
"1",5.43396226415118,53
"2",4.32275132293877,378
"3",5.34941520468027,684
