"Position_A","probability","number"
"0",1.49101796407878,167
"1",3.30125523012552,239
