"Has_Apical_GU_Child","Position_A","probability","number"
"0","0",0.93103448314384,58
"1","0",0.772727272798167,22
"0","1",1.64285714285734,56
"1","1",1.72500000000144,40
