"Position_A","probability","number"
"0",0.14754098360656,61
"1",0.382716049382719,162
