"Burst_Month","probability","number"
"10",0.515625000000005,64
"12-1-2-3-4",0.824345146379045,649
"5",0.142857142857128,7
