"Burst_Month","probability","number"
"8-9-10-11-12",0.732009925558327,403
"1-2",0.0435339308578866,781
"3",1.17022648104862e-09,1119
