"Position_A","probability","number"
"0",0.944444444393813,18
"1",0.95238095180181,21
