"Position_A","probability","number"
"0",5.82621463896868e-11,26
"1",5.82621463896872e-11,15
