"Position_A","probability","number"
"0",0.984189723320159,253
"1",0.975609756097562,205
