"Nature_F","probability","number"
"0",0.9,100
"1",4.3050226820865e-10,202
"2",4.30502268214881e-10,152
