"Position_A","probability","number"
"0",0.0493506496921988,385
"1",0.0730337078653595,356
