"Position_A","Position_Ancestor_A","probability","number"
"0","0",0.460335910173779,61
"1","0",1.05856558904143,84
"0","1",0.697581978272605,116
"1","1",1.60412486059596,68
