"Position_A","Position_Ancestor_A","probability","number"
"0","0",0.410684207138829,210
"1","0",0.379616130737827,218
"0","1",0.398938556222119,418
"1","1",0.36820386596131,332
