"Position_Ancestor_A","Cycle","probability","number"
"0","4",0.472102632894579,5
"1","4",0.527897367105421,5
"0","5",0.433806680375256,13
"1","5",0.489270243401843,13
