"Position_Ancestor_A","Cycle","probability","number"
"0","4",1.15555555838026,5
"1","4",0.844444451214031,5
"0","5",1.55555555489875,13
"1","5",1.13675214260632,13
