"Position_A","Position_Ancestor_A","probability","number"
"0","0",0.231684394191704,9
"1","0",0.847871015242266,40
"0","1",0.341891062360989,29
"1","1",1.2511827702405,72
