"Position_A","Position_Ancestor_A","probability","number"
"0","0",0.137667023876483,86
"1","0",0.867812633495411,82
"0","1",0.210868123127326,162
"1","1",1.32925094258989,121
