"Position_A","probability","number"
"0",0.402866242038219,628
"1",0.372727272727277,550
