"Burst_Month","probability","number"
"8-9",0.251700680272672,147
"10-11-12-1",0.574074074074075,162
"2",0.117647058855061,17
