"Burst_Month","probability","number"
"8-9-10-11",1.12535174339249e-08,51
"1",0.547169811320701,53
"2",0.0580474934036903,379
"3",0.0190058479532186,685
