"Burst_Month","probability","number"
"9",0.520000000000064,25
"10",0.424836601307947,153
"11",0.676056338028173,71
"12",0.752475247524755,202
