"Position_A","probability","number"
"0",1.10483870967742,248
"1",1.21182266009852,203
