"Position_A","probability","number"
"0",9.92753623190162,207
"1",10.9635627530366,247
