"Position_A","probability","number"
"0",2.48022598870056,177
"1",2.52631578947368,152
