"Position_A","probability","number"
"0",7.16666666666666,18
"1",6.85714285714286,21
