"Position_A","probability","stderror","number"
"0",406.838524590164,11.693793594311,61
"1",390.49161522634,7.17567621720201,162
