"Position_A","probability","number"
"0",0.24767801857639,969
"1",0.309644670050919,197
