"Position_A","probability","number"
"0",4.97611630322608,963
"1",4.93814433016478,194
