"Position_A","probability","stderror","number"
"0",369.107697740114,5.33489473738879,236
"1",384.152777777767,10.5805009638237,60
