"Position_A","probability","number"
"0",0.45794392527382,107
"1",0.45631067966388,103
