"Position_A","probability","number"
"0",0.994350282485875,177
"1",0.986842105263158,152
