"Position_A","probability","number"
"0",0.827586206896551,47
"1",0.931034482757902,42
