"Position_A","probability","number"
"0",0.0502793298660571,179
"1",0.0633802816944808,142
