"Position_A","Has_Apical_GU_Child","probability","number"
"0","0",0.890282922397399,58
"1","0",1.68506411637238,56
"0","1",0.880163205607078,22
"1","1",1.6659102370805,40
