"Position_A","probability","number"
"0",0.185483870967766,248
"1",1.14285714285715,203
