"Position_A","probability","number"
"0",1.24489795931262,49
"1",1.32558139546143,86
