"Cycle","probability","number"
"4",0.666666666666848,9
"5",1.1304347826087,23
