"position_mother_L","position_ancestor_L","probas"
"0","0",1.25009735679704
"1","0",0.347960471626101
"0","1",0.900997512535156
"1","1",0.250789682652354
