"position_mother_L","probas"
"0",1.60493827160707
"1",0.932203389914996
