"position_mother_L","nature_mother_V","probas"
"0","0",0.970825422166509
"1","0",0.864128721037348
"0","1",0.848242960721699
"1","1",0.516506778563874
