"position_mother_L","probas"
"0",1.25247524781582
"1",1.01264591439689
