"Position_Ancestor_A","probability","number"
"0",2.71724137931036,145
"1",2.33152173913045,184
