"Position_Ancestor_A","probability","number"
"0",0.734693884986685,49
"1",0.99009901005961,101
