"Nb_Inflorescences","probability","number"
"1",0.266233766233767,154
"2",0.266666666666666,30
"3",0.357142857142856,14
"4",0.625000000000319,8
"5",0.444444444444442,9
"6",0.999999999999996,8
