"Position_Ancestor_A","probability","number"
"0",0.179677819083026,807
"1",0.12299465241424,1496
