"Position_A","probability","number"
"0",7.58878504672898,107
"1",6.93203883495146,103
