"Burst_Month","probability","number"
"10-11-12",0.171874999999999,64
"1-2",0.205438066465321,331
"3-4-5",0.186440677966106,59
