"Nature_F","probability","number"
"0",6.98000000023991,100
"1",11.1188118811881,202
"2",11.9671052631579,152
