"Position_A","Position_Ancestor_A","probability","number"
"0","0",0.116279069767445,86
"1","0",0.890243902439027,82
"0","1",0.222222222222256,162
"1","1",1.31404958677686,121
