"Position_A","Position_Ancestor_A","probability","number"
"0","0",0.590163934426293,61
"1","0",0.964285714285713,84
"0","1",0.629310344830654,116
"1","1",1.72058823529412,68
