"position_mother_L","nature_mother_V","probas"
"0","0",0.958188484985238
"1","0",0.804593221854177
"0","1",0.850824921657747
"1","1",0.50611629924622
