"position_mother_L","nature_ancestor_V","probas"
"0","0",1.38686061529646
"1","0",0.690664960300079
"0","1",2.00266215707178
"1","1",0.997337846321913
