"position_mother_L","nature_mother_V","probas"
"0","0",0.710634857495328
"1","0",0.476305477504346
"0","1",0.94792521065774
"1","1",0.870825358941627
