"position_mother_L","probas"
"0",2.1923076923077
"1",0.892857145821416
