"position_mother_L","probas"
"0",0.661764705882319
"1",0.176991150442475
