"position_mother_L","probas"
"0",1.85600000000002
"1",1.12380300957592
