"position_mother_L","probas"
"0",0.660098522167459
"1",0.176991150442478
