"position_mother_L","probas"
"0",0.881355932178831
"1",0.528301886792452
