"position_mother_L","nature_ancestor_V","probas"
"0","0",1.39779369112416
"1","0",0.692116418310786
"0","1",2.00648872846495
"1","1",0.993511274907282
