"position_mother_L","nature_mother_V","9","10","12","2"
"0","0",0.0549769099061571,0.0233277653651894,0.612098194401547,0.309597130327106
"1","0",0.0636297987933753,0.0266486051943699,0.632316620721504,0.27740497529075
"0","1",0.448842349511841,0.0943843457353714,0.425733415964972,0.0310398887878146
"1","1",0.487507073927455,0.0939375580303794,0.391862867062738,0.0266925009794272
