"Nature_Ancestor_F","probability","stderror","number"
"0",390.453815261036,8.90949458867823,83
"1",372.138888888891,7.14656354103034,129
"2",354.107142857143,8.85630310081334,84
