"Position_A","probability","number"
"0",0.869158879688838,107
"1",1.95145631067974,103
