"Burst_Month","Position_A","probability","number"
"1","0",0.923076923076922,8
"2","0",0.96153846153846,10
"1","1",0.923076923076923,5
"2","1",0.96153846153846,16
