"position_mother_L","probas"
"0",1.38532110149927
"1",1.06122448979592
