"position_mother_L","probas"
"0",0.999999998829774
"1",0.599999999999997
