"position_mother_L","nature_ancestor_V","probas"
"0","0",0.598136759269409
"1","0",0.202113526798885
"0","1",0.412873299593218
"1","1",0.106886682803409
