"position_mother_L","probas"
"0",1.22580645162333
"1",0.466666667189032
