"position_mother_L","nature_mother_V","probas"
"0","0",0.996858949745109
"1","0",0.968268117287307
"0","1",0.802557174232784
"1","1",0.280999143053206
