"position_mother_L","probas"
"0",1.1200000000445
"1",0.312500020269516
