"Nature_Ancestor_F","probability","number"
"0",1.14857142857143,350
"1",1.16326530612245,98
"2",1.33333333334929,3
