"Nature_Ancestor_F","probability","number"
"0",2.4391304347826,230
"1",2.37804878048781,82
"2",3.94117647058822,17
