"Nature_Ancestor_F","probability","stderror","number"
"0",396.988640873018,7.07465976854328,168
"1",389.716666666667,12.4785269053062,54
"2",338,91.6980709787746,1
