"Nature_Ancestor_F","probability","number"
"0",4.78846153858249,260
"1",5.02189781022719,548
"2",5.02292263610845,349
