"Nature_Ancestor_F","probability","number"
"0",0.991304347826087,230
"1",0.999999999569498,82
"2",0.941176470588234,17
