"Nature_F","probability","number"
"0",0.642105263157895,95
"2",0.999999826322972,1
