"Nature_Ancestor_F","probability","number"
"0",1.18279569914155,93
"1",1.53846153850839,39
"2",1.66666666666667,3
