"Nature_Ancestor_F","probability","number"
"0",0.176029962546815,267
"1",0.0255009107468115,549
"2",0.00854700854701075,352
