"Nature_Ancestor_F","probability","number"
"0",0.948148148492184,135
"1",0.357142868078154,14
"2",2.99999999999998,1
