"Cycle","probability","number"
"4",0.799999999999968,5
"5",0.749999999999444,12
