"Cycle","probability","number"
"4",1.00000000294728,10
"5",1.346153846364,26
