"is_loaded","position_mother","probas"
"yes","A",1.39670453835521
"no","A",1.62292547839085
"yes","L",0.984305140146386
"no","L",1.14373072227276
