"is_loaded","position_mother","probas"
"yes","A",1.66574370214221
"no","A",2.09759154090088
"yes","L",0.848724748256921
"no","L",1.06875856724383
