"position_mother","nature_mother","probas"
"A","F",0.958188484985238
"L","F",0.804593221854177
"A","V",0.850824921657747
"L","V",0.50611629924622
