"is_loaded","position_mother","probas"
"yes","A",0.549740983540894
"no","A",0.648313468407675
"yes","L",0.133812295137369
"no","L",0.189132975419618
