"Nature_Ancestor_F","probability","number"
"0",0.351190476190477,168
"1",0.222222222222223,54
"2",2.2603294069903e-07,1
