"Burst_Month","probability","number"
"9-10-11",0.795527156549516,313
"12",0.615853658536606,328
"1-2",0.0156250000000027,448
"3-4-5",2.35046275156611e-08,89
