"Nature_Ancestor_F","probability","number"
"0",0.832031250000001,512
"1",0.693877551020217,196
"2",0.583333333333337,12
