"Nature_Ancestor_F","probability","number"
"0",0.310861423221129,267
"1",0.240875912409243,548
"2",0.245014245014768,351
