"probability","stderror","number"
394.963191330346,6.12178348027415,223
