"Nature_Ancestor_F","probability","number"
"0",0.641826923076918,416
"1",0.652019002375286,842
"2",0.512372634643378,687
