"Nature_Ancestor_F","probability","number"
"0",0.459905660377357,426
"1",0.187969924812029,136
"2",2.26032940696424e-07,7
