"Nature_Ancestor_F","probability","number"
"0",0.728571428571429,350
"1",0.193877551020472,98
"2",1.33333333333339,3
