"position_mother_L","probas"
"0",2.00000000000005
"1",0.687500000115304
