"position_mother_L","nature_ancestor_V","probas"
"0","0",0.649531920004356
"1","0",0.146037504598784
"0","1",0.285843879442177
"1","1",0.0356171203148939
