"position_mother_L","probas"
"0",0.941176470569947
"1",0.551724137931035
