"position_mother_L","nature_mother_V","probas"
"0","0",0.99949488475003
"1","0",0.988290392043038
"0","1",0.904887798564399
"1","1",0.288660588532377
