"position_mother_L","nature_ancestor_V","probas"
"0","0",0.647010104695312
"1","0",0.146019300395899
"0","1",0.285434284049112
"1","1",0.0359243159705007
