"position_mother_L","probas"
"0",1.70103092783509
"1",1.12681159420292
