"nature_mother_V","probas"
"0",0.380952380952381
"1",0.887096774095273
