"is_loaded","position_mother_L","probas"
"0","0",1.62292547839085
"1","0",1.39670453835521
"0","1",1.14373072227276
"1","1",0.984305140146386
