"position_mother_L","probas"
"0",1.39240506329114
"1",1.02046783625731
