"position_mother_L","nature_ancestor_V","probas"
"0","0",0.596504439126
"1","0",0.150084548410133
"0","1",0.812817056537999
"1","1",0.341539844051469
