"position_mother_L","probas"
"0",2.18181818181818
"1",1.07608695652174
