"nature_mother_V","probas"
"0",0.208333333333419
"1",0.753846153845621
