"position_mother_L","probas"
"0",2.0909090909092
"1",0.923076923089638
