"position_mother_L","probas"
"0",1.20930232558918
"1",0.333333333779228
