"position_mother_L","nature_ancestor_V","probas"
"0","0",1.40169338401439
"1","0",0.859046439819591
"0","1",2.35047540398321
"1","1",1.44052012423179
