"Burst_Month","probability","number"
"1",0.923076923076922,13
"2",0.96153846153846,26
