"Burst_Month","probability","number"
"1",1.52299797447646e-09,13
"2",0.115384615384615,26
