"Nature_F","probability","number"
"0",1.13000000802029,100
"1",2.36633663366351,202
"2",3.21710526315795,152
