"Nature_F","probability","number"
"0",1.42990654224068,107
"1",1.27710843375177,83
"2",1.75000000000139,20
