"Position_Ancestor_A","Cycle","probability","number"
"0","4",0.744234949203196,5
"1","4",0.56970631349616,4
"0","5",1.27323543783203,12
"1","5",0.974652249637783,11
