"position_mother_L","nature_mother_V","probas"
"0","0",0.97711556385381
"1","0",0.907535464904878
"0","1",0.812932193371338
"1","1",0.499734033520228
