"position_mother_L","nature_mother_V","probas"
"0","0",0.563671221669028
"1","0",0.489873168500915
"0","1",0.496876739936686
"1","1",0.423339030126273
