"position_mother_L","nature_mother_V","probas"
"0","0",0.474978218692619
"1","0",0.277523959438119
"0","1",0.928233535302618
"1","1",0.845960013084478
