"position_mother_L","nature_mother_V","probas"
"0","0",0.920706366570017
"1","0",0.465489389010966
"0","1",0.944705798842151
"1","1",0.56167430126797
