"position_mother_L","nature_mother_V","probas"
"0","0",2.24363373112312
"1","0",0.78183134447773
"0","1",1.95488264238468
"1","1",0.681211243791877
