"position_mother_L","nature_mother_V","probas"
"0","0",0.882999541368959
"1","0",0.572210912531403
"0","1",0.988364303463326
"1","1",0.937713761564499
