"position_mother_L","nature_mother_V","probas"
"0","0",0.908676128121776
"1","0",0.736985807790177
"0","1",0.636985807793123
"1","1",0.33072442300464
