"position_mother_L","nature_mother_V","probas"
"0","0",2.38260155601204
"1","0",1.09193975073024
"0","1",2.77392970299557
"1","1",1.27128436594409
