"Position_A","probability","number"
"0",0.581785500299583,1669
"1",0.713768115941647,276
