"Position_A","probability","number"
"0",0.615819209040467,177
"1",1.30263157894737,152
