"Position_A","Has_Apical_GU_Child","probability","number"
"0","0",1.56338028169535,142
"1","0",3.42342342342342,222
"0","1",1.08000000000857,25
"1","1",1.70588235294155,17
