"Position_A","probability","number"
"0",0.537662337662337,385
"1",0.693820224718909,356
