"Position_A","probability","number"
"0",0.597765363128492,179
"1",0.725352112675561,142
