"Position_A","probability","number"
"0",0.0943999999999892,1875
"1",0.355140186915862,428
