"Nb_Inflorescences","probability","number"
"1",0.338394793926284,461
"2",0.673913043478199,46
"3",0.560000000000008,25
"4",0.61538461538462,13
"5",0.899999998471912,10
"6",0.888888888740984,9
