"Has_Apical_GU_Child","probability","number"
"0",2.69780219780243,364
"1",1.33333333333784,42
