"Position_Ancestor_A","probability","number"
"0",0.494047619047678,168
"1",0.689045936395772,283
