"Cycle","probability","number"
"4",0.900000000000521,10
"5",3.26923076923077,26
