"Position_Ancestor_A","probability","number"
"0",1.17261904761905,168
"1",1.14134275618375,283
