"Position_Ancestor_A","probability","number"
"0",0.248743718593513,398
"1",0.263020833333899,768
