"Position_Ancestor_A","probability","stderror","number"
"0",370.298969072155,8.34312860752349,97
"1",373.063232830824,5.82489722612235,199
