"Position_Ancestor_A","probability","number"
"0",0.810810810810805,259
"1",0.778741865509531,461
