"Position_Ancestor_A","probability","number"
"0",0.608562691131501,654
"1",0.596436870642911,1291
