"Position_Ancestor_A","probability","stderror","number"
"0",396.021296296297,10.1800888461352,81
"1",394.359624413148,7.6886467069326,142
