"Has_Apical_GU_Child","probability","number"
"0",1.28070175440584,114
"1",1.38709677421562,62
