"Position_Ancestor_A","probability","number"
"0",0.806896551724148,145
"1",1.03260869565217,184
