"Position_Ancestor_A","probability","number"
"0",0.394859813084115,428
"1",0.385333333333337,750
