"Position_Ancestor_A","Cycle","probability","number"
"0","4",0.919148936170518,5
"1","4",0.880851063830091,5
"0","5",3.33878887070375,13
"1","5",3.1996726677578,13
