"Position_Ancestor_A","Cycle","probability","number"
"0","4",0.651019891780576,9
"1","4",0.460091219330524,9
"0","5",0.63899057757761,19
"1","5",0.447070291162106,31
