"Burst_Month","11","12","1","2","3","4"
"9-10",0.155654187457597,0.832241568656607,0.0118858391924777,0.000210210332842409,2.72689611857668e-06,5.46746435758916e-06
"11",0.000119431332845362,0.0501060012457491,0.69763209685511,0.239653379566146,0.00412132981516,0.00836776118498928
"12",4.57751649607903e-06,0.00201790912206178,0.100043079386449,0.649808448926684,0.0676707231915564,0.180455261856753
