"Burst_Month","11","12","1","2","3"
"9-10",0.0563107607379935,0.225243036121218,0.616503912741281,0.101942290393081,6.42685904495011e-12
"11",0.0267706211213362,0.126241302908112,0.649397832425902,0.197590243530707,1.39419586986378e-11
"12",8.56486063404769e-12,4.76854653076827e-11,1.20821745250707e-09,0.95714285587839,0.0428571428571421
