"Position_A","probability","number"
"0",1.52299797450521e-09,18
"1",0.142857142857144,21
