"Burst_Month","Position_A","probability","number"
"1","0",7.60039504450519,8
"2","0",6.81968396439587,10
"1","1",7.43936792879174,5
"2","1",6.6751975222526,16
