"Position_A","Nature_F","probability","number"
"0","0",0.448979591836735,49
"1","0",0.847826086956522,46
"0","2",0.99999881245633,0
"1","2",0.999999826322972,1
