"Burst_Month","Position_A","probability","number"
"1","0",2.22044604925031e-16,8
"2","0",1.30751862267798e-09,10
"1","1",2.41156200479342e-09,5
"2","1",0.1875,16
