"Cycle","probability","number"
"4",0.555555555284843,18
"5",0.51999999999977,50
